Armazém,Área (m²),Custo Aluguel (R$)
1,500,7.0510832838971575
2,750,9.88695576863867
3,1000,14.283156749925249
4,1250,17.100059197825075
5,1500,20.00467614309491
6,1750,24.275857696373873
7,2000,27.325433755695233
8,600,7.327553130709598
9,900,13.325391098664602
10,1350,18.839072323159655
